id,date,category,description,amount
1,2026-08-01,Housing,Room rent,12000
2,2026-08-02,Food,Groceries,1850
3,2026-08-03,Transport,Fuel,1200
4,2026-08-05,Entertainment,Movie tickets,650
5,2026-08-07,Food,Restaurant dinner,950
6,2026-08-10,Utilities,Electricity bill,1450
7,2026-08-12,Shopping,Clothing,2200
8,2026-08-15,Transport,Cab rides,780
9,2026-08-18,Education,Online course,1800
10,2026-08-20,Food,Groceries,2100
11,2026-08-22,Healthcare,Pharmacy,540
12,2026-08-25,Entertainment,Streaming subscription,299
13,2026-08-27,Transport,Fuel,1300
14,2026-08-29,Food,Restaurant,720
15,2026-08-31,Shopping,Household items,1100
16,2026-09-01,Housing,Room rent,12000
17,2026-09-02,Food,Groceries,1650
18,2026-09-04,Transport,Fuel,1250
19,2026-09-06,Utilities,Internet bill,899
20,2026-09-08,Entertainment,Gaming,499
21,2026-09-13,Food,Clothes,800.01
